image_id,true_label,predicted_label,raw_output
aptos_01958,2,3,"[0.0016771243579648092, 0.020881471709222398, 0.26278137294774356, 0.6340282253747368, 0.08063180561033235]"
aptos_01706,2,2,"[0.0007162605319510955, 0.02682995489582773, 0.6782688163135264, 0.156041910818453, 0.1381430574402418]"
aptos_02913,1,2,"[0.001979047765808638, 0.20648949229160424, 0.7537841452450218, 0.023285488804773578, 0.014461825892791711]"
aptos_01645,2,2,"[0.005894291726453091, 0.2944686070082776, 0.5007996718046662, 0.0777608431027996, 0.1210765863578035]"
aptos_03137,0,0,"[0.643162339654773, 0.1016904395924486, 0.07465657663050386, 0.10712609628603845, 0.07336454783623608]"
aptos_02882,0,0,"[0.6573361510551093, 0.07381464996758832, 0.014155974471248441, 0.17173285000203337, 0.08296037450402059]"
aptos_03037,2,1,"[0.000909253919691371, 0.5662684325756481, 0.3272584579667, 0.09258466001079045, 0.012979195527170206]"
aptos_02176,0,0,"[0.766033314875643, 0.03979810504930211, 0.016528406439023167, 0.1030481014224904, 0.07459207221354122]"
aptos_00815,4,4,"[0.0009352910667957664, 0.01258296070395036, 0.01710037793601624, 0.3467744116232411, 0.6226069586699966]"
aptos_01243,0,0,"[0.7916846425496215, 0.036626532038990356, 0.02192321936058142, 0.10017565656447998, 0.049589949486326924]"
aptos_02321,1,2,"[0.0014254833359705994, 0.13537898117117164, 0.7285020212808713, 0.08465209022333212, 0.05004142398865457]"
aptos_01123,0,0,"[0.7653381483477574, 0.054978431131449124, 0.019228796472942764, 0.10044188292814232, 0.060012741119708383]"
aptos_00469,4,4,"[0.0006192781443394715, 0.09848343206300429, 0.09812193813982281, 0.39607932987421185, 0.4066960217786216]"
aptos_03319,2,2,"[0.0006706479902498032, 0.033713115960707314, 0.848907807513095, 0.049674790941121864, 0.06703363759482595]"
aptos_02987,1,1,"[0.23931224185278724, 0.4924483427893563, 0.06891355780615648, 0.11997536275733733, 0.07935049479436283]"
aptos_00087,3,3,"[0.00038993522401151333, 0.0032806284365233126, 0.018726577018274165, 0.9605692949179266, 0.01703356440326449]"
aptos_03421,0,0,"[0.7119472939035969, 0.11800344403189339, 0.024327082246193885, 0.0911463610693736, 0.054575818748942115]"
aptos_03526,0,0,"[0.5599382519309948, 0.31246717334379126, 0.04959719105425404, 0.05317978909995945, 0.024817594571000426]"
aptos_02196,2,2,"[0.0016774020109189673, 0.0355154763665943, 0.4818564368072777, 0.39226418382504263, 0.08868650099016646]"
aptos_03323,0,0,"[0.84823551104241, 0.021225264570070356, 0.00916522606615111, 0.07815466123953987, 0.0432193370818287]"
aptos_00317,0,0,"[0.7094547516802955, 0.061720978538038006, 0.028929641751410967, 0.1197325786105553, 0.08016204941970016]"
aptos_00886,2,2,"[0.0010333332741007436, 0.0034504762002615682, 0.9344341651809411, 0.05510568373487718, 0.005976341609819413]"
aptos_00022,1,1,"[0.00223876948276265, 0.8851252027534515, 0.0368460805318671, 0.052808720582251466, 0.02298122664966725]"
aptos_01876,2,1,"[0.009901060565814163, 0.7902568478162557, 0.1466923832099972, 0.029138070175058976, 0.02401163823287387]"
aptos_03400,0,0,"[0.7204700167412372, 0.04651886554006605, 0.016471675760912952, 0.12259293157305357, 0.09394651038473034]"
aptos_02014,0,0,"[0.7695174155721193, 0.052598638983659046, 0.013005630333963134, 0.09610515955782262, 0.06877315555243599]"
aptos_00866,1,1,"[0.005020400675603929, 0.867402925670997, 0.035860007610162906, 0.0710943873744342, 0.020622278668801987]"
aptos_02682,2,2,"[0.003685327775288265, 0.07501229345057481, 0.8443085046343295, 0.05006252569869368, 0.026931348441113726]"
aptos_02904,0,0,"[0.6590272199505598, 0.13869421743447838, 0.012942899178285597, 0.12537501348300187, 0.06396064995367422]"
aptos_02047,1,2,"[0.0038092856825140795, 0.07708261771569996, 0.9052328950691426, 0.008116360112600115, 0.005758841420043228]"
aptos_02034,4,4,"[0.0012897246933827845, 0.023922268335381375, 0.011127549115814393, 0.06668920071475722, 0.8969712571406642]"
aptos_01763,4,2,"[0.004021216869838815, 0.024482296910423713, 0.449765101328041, 0.4102574574202557, 0.11147392747144062]"
aptos_00071,1,3,"[0.004730576171287725, 0.24583167114458626, 0.12921146130408617, 0.3735262904507403, 0.24670000092929953]"
aptos_00299,4,4,"[0.002742702517498192, 0.008729704718513665, 0.01655143398431214, 0.4095124265618875, 0.5624637322177886]"
aptos_00403,0,0,"[0.656446234154525, 0.06010206865446254, 0.027696901245748008, 0.15676801086650327, 0.09898678507876113]"
aptos_02011,2,2,"[0.0027594833382791843, 0.008665390188372655, 0.7182135072186135, 0.10795113455611269, 0.1624104846986218]"
aptos_03576,2,2,"[0.0023816962597027896, 0.003917262645952591, 0.9508211630153669, 0.00834896636806986, 0.034530911710907886]"
aptos_03481,0,0,"[0.7049600255036349, 0.03795427139852243, 0.02383338440964102, 0.16864177763794203, 0.06461054105025968]"
aptos_00513,3,2,"[0.001406621960566803, 0.0066788947948284265, 0.8528378487967485, 0.12795139299104813, 0.011125241456808254]"
aptos_00537,2,2,"[0.0012992062547412821, 0.05097608645709224, 0.8992666233944261, 0.03679202302726247, 0.011666060866477805]"
aptos_00938,2,1,"[0.004652288427730596, 0.4274931619755306, 0.25771217657654005, 0.1951273286994851, 0.11501504432071363]"
aptos_02255,1,2,"[0.0014971186625742064, 0.08717089440634028, 0.8621863718840677, 0.009757054700625266, 0.039388560346392626]"
aptos_03431,2,2,"[0.0020282345769433155, 0.06987820845929901, 0.5776110558011771, 0.2908369105277084, 0.05964559063487222]"
aptos_00274,2,1,"[0.30516542416216397, 0.46248020024447695, 0.051478396849650186, 0.08525953954427466, 0.09561643919943424]"
aptos_02114,0,0,"[0.7419534364295732, 0.07310697144734858, 0.013412454055095769, 0.10742860909608144, 0.06409852897190094]"
aptos_00072,1,1,"[0.00505612389695581, 0.9623498261482658, 0.006155834208124457, 0.016704589097578933, 0.009733626649075247]"
aptos_00335,0,0,"[0.7916146975737653, 0.04743053264100889, 0.03303937720728433, 0.06672251599691674, 0.0611928765810246]"
aptos_03609,2,2,"[0.0053105897146629435, 0.019004457987206232, 0.7190510416587271, 0.24976002724172822, 0.006873883397675426]"
aptos_01849,1,0,"[0.5865467412440173, 0.08531710070581126, 0.07974586901916782, 0.1532963443210369, 0.09509394470996689]"
aptos_03043,0,0,"[0.6544626623497904, 0.15218370186014613, 0.02352489671383556, 0.10517598205159032, 0.06465275702463741]"
aptos_02204,0,0,"[0.7895001894877461, 0.060835039597133315, 0.02556691836566893, 0.06808775191004372, 0.05601010063940789]"
aptos_01734,3,1,"[0.059343605073765515, 0.46382260884547244, 0.2636277935977906, 0.060338997544381, 0.15286699493859046]"
aptos_03547,1,2,"[0.0012986966818062703, 0.3301827942828867, 0.5494520712481805, 0.03431643565091364, 0.08475000213621287]"
aptos_03532,0,0,"[0.8131776765393166, 0.05342775164612883, 0.007057963789068438, 0.06945920503639823, 0.05687740298908783]"
aptos_00215,0,0,"[0.7948186205015261, 0.05276996161370253, 0.01739873236712458, 0.06976705336812916, 0.06524563214951755]"
aptos_01803,0,0,"[0.7725047327037428, 0.05254197601254699, 0.013162849657231197, 0.0968929551772092, 0.06489748644926964]"
aptos_02121,0,0,"[0.6784990016656892, 0.15021833276626867, 0.01943257580388883, 0.08826141176693497, 0.06358867799721822]"
aptos_00405,0,0,"[0.8545963081164901, 0.03356452674256618, 0.017240808076290328, 0.03874098760478386, 0.055857369459869695]"
aptos_03653,0,0,"[0.7388952236996416, 0.035014934206335516, 0.025781653563764065, 0.10596762787142873, 0.09434056065882993]"
aptos_02431,0,0,"[0.6205241548592746, 0.07974091230353657, 0.0791738959292741, 0.14902919043744925, 0.07153184647046552]"
aptos_03406,0,0,"[0.7449542138814409, 0.08480840340012373, 0.01987104764429822, 0.09162297010840262, 0.0587433649657346]"
aptos_02864,4,4,"[0.001450202261812368, 0.016356474406558734, 0.10013178996468808, 0.0753676639833392, 0.8066938693836017]"
aptos_02938,4,4,"[0.002188326486238543, 0.03350200933057783, 0.02682522101459488, 0.4158356906812855, 0.5216487524873032]"
aptos_01468,0,0,"[0.7242442231205148, 0.04946303650807522, 0.01292891062440101, 0.12719266989929148, 0.08617115984771725]"
aptos_00333,0,0,"[0.7052561927971894, 0.07950746032871395, 0.008888909767176366, 0.12554216094024032, 0.08080527616667987]"
aptos_01757,0,0,"[0.7603278301013897, 0.04516223411351236, 0.014461184987951507, 0.10181686003240577, 0.0782318907647407]"
aptos_02889,2,2,"[0.0005777216161869138, 0.024966840415865044, 0.9530155762262791, 0.005230645486561581, 0.016209216255107444]"
aptos_03098,0,1,"[0.027262955442320196, 0.9237751017749426, 0.007086449627351494, 0.015751215095653495, 0.026124278059732324]"
aptos_03555,1,1,"[0.0007534464652434475, 0.8469670124061454, 0.13403530793500182, 0.011902451844185922, 0.006341781349423361]"
aptos_00732,0,0,"[0.7148640079393438, 0.16442310050625492, 0.016112130503450808, 0.058177220785880404, 0.046423540265070194]"
aptos_01968,0,0,"[0.7840148474780892, 0.04881027107972423, 0.012376510043591782, 0.0855203531998404, 0.06927801819875438]"
aptos_03154,0,0,"[0.8153183259398451, 0.0532528269823911, 0.007941286215720619, 0.06319074099741413, 0.06029681986462892]"
aptos_01653,0,0,"[0.6172984693855329, 0.2363802837670691, 0.04767593625790747, 0.07179196760123993, 0.02685334298825045]"
aptos_01406,0,0,"[0.7415656528601506, 0.05804408493076601, 0.02651412902289917, 0.09106596505140543, 0.08281016813477883]"
aptos_03230,2,4,"[0.00043896120804066865, 0.02226117111842696, 0.19151490099929747, 0.09687886075708378, 0.6889061059171512]"
aptos_03533,4,3,"[0.000821007774479585, 0.02672369813516454, 0.19834448925720274, 0.7579237998230814, 0.016187005010071694]"
aptos_02974,0,0,"[0.7667787442505802, 0.06135324620551088, 0.024488272126039885, 0.08938538353099042, 0.057994353886878465]"
aptos_01622,0,0,"[0.7077318188129622, 0.05651648341269853, 0.02568320947911026, 0.13765214226014083, 0.07241634603508802]"
aptos_01379,0,0,"[0.8163084388917419, 0.055347331379271725, 0.012551789712573948, 0.07033984407927177, 0.045452595937140766]"
aptos_02396,0,0,"[0.7441149670620085, 0.0551948793710429, 0.01113927775874267, 0.11539714869855991, 0.074153727109646]"
aptos_01462,0,0,"[0.7822775889197402, 0.04470890629153341, 0.010739452271388653, 0.1038661064028908, 0.058407946114446836]"
aptos_02655,2,2,"[0.004421923558546682, 0.2829031534739101, 0.4948956090802669, 0.18877081602337098, 0.02900849786390518]"
aptos_01342,0,0,"[0.7164531418327504, 0.08796217844294209, 0.013371666267921726, 0.10815225147754133, 0.07406076197884438]"
aptos_03104,0,0,"[0.7969308517292144, 0.051598691936562954, 0.020573868829550198, 0.08074623875559632, 0.05015034874907606]"
aptos_02807,2,2,"[0.0006855995903053872, 0.015538814498407513, 0.9633921960170918, 0.00589159899234278, 0.014491790901852552]"
aptos_01184,2,2,"[0.005149790068049748, 0.012791925128463031, 0.48261032410617066, 0.4724272359076303, 0.027020724789686156]"
aptos_02544,2,2,"[0.0008126940426435163, 0.08292316018424177, 0.6962528491843376, 0.10730036785197167, 0.11271092873680544]"
aptos_00741,0,0,"[0.6454021734625214, 0.13796354819064285, 0.012737419841515076, 0.08885928101660544, 0.11503757748871533]"
aptos_01505,2,2,"[0.0021186837127975026, 0.19156525926523127, 0.5841375828317484, 0.21252767029985706, 0.00965080389036586]"
aptos_00043,4,4,"[0.0007162324655567824, 0.0063916924042629105, 0.008539006197196818, 0.03908585113207873, 0.9452672178009047]"
aptos_01466,2,2,"[0.0034207917544952005, 0.02531910552774338, 0.956302901508751, 0.011375277670573305, 0.0035819235384371407]"
aptos_02809,2,1,"[0.024038256514039978, 0.49182660562907715, 0.23330053167325873, 0.17182276324781975, 0.07901184293580432]"
aptos_01201,1,1,"[0.006879572660883093, 0.8593002641930942, 0.09618143527531162, 0.01564440270735548, 0.02199432516335558]"
aptos_02478,0,0,"[0.6548058133488743, 0.09014012630152211, 0.03139494427860877, 0.12653214514564276, 0.09712697092535202]"
aptos_01986,3,3,"[0.0010976485573337294, 0.008434746627021606, 0.011261064334014559, 0.8471448702535349, 0.13206167022809526]"
aptos_00682,2,2,"[0.002597646314210627, 0.0035993421864631316, 0.767827512074749, 0.22308828872176556, 0.002887210702811616]"
aptos_03123,2,2,"[0.0014617660226694026, 0.0110292881820095, 0.8355521657051092, 0.11227210029311531, 0.039684679797096584]"
aptos_02230,0,0,"[0.8028651622852778, 0.053728923526606145, 0.02073597688809739, 0.06809971673651277, 0.054570220563505814]"
aptos_03239,0,0,"[0.6492517060749873, 0.0773975573360209, 0.024166282652906195, 0.12522877725782203, 0.12395567667826364]"
aptos_01588,2,1,"[0.0024506999917464508, 0.606785503474383, 0.3255292890368976, 0.05456005924365418, 0.010674448253318801]"
aptos_00264,2,3,"[0.004287471549988271, 0.01941499266070262, 0.3984286496393474, 0.5446962625110506, 0.03317262363891113]"
aptos_01596,1,4,"[0.007044074343418406, 0.23654212105329764, 0.022236337596898935, 0.02007347307064803, 0.7141039939357371]"
aptos_03258,2,3,"[0.0020443602983013817, 0.016299360695748274, 0.3476011590747819, 0.5887635126958175, 0.04529160723535092]"
aptos_00980,0,0,"[0.8052959126726359, 0.04700952616647557, 0.009743952478297194, 0.09037801436204337, 0.04757259432054802]"
aptos_01738,0,1,"[0.06965131726732658, 0.8210064011879781, 0.008738842068481915, 0.046278414186842004, 0.054325025289371484]"
aptos_03601,0,0,"[0.7531068827220265, 0.08159678498533006, 0.01591034588924376, 0.08170407371738317, 0.06768191268601631]"
aptos_03287,4,3,"[0.00034209140198367225, 0.0025231328760412126, 0.02733129983256395, 0.9686582165015548, 0.0011452593878562827]"
aptos_00882,2,1,"[0.004592724257504193, 0.9303102410021868, 0.039917999749396166, 0.01187562725485729, 0.013303407736055407]"
aptos_01401,4,4,"[0.0009776042472779533, 0.02541680435121923, 0.03288650786361278, 0.08824491810216956, 0.8524741654357204]"
aptos_01775,0,0,"[0.5883094625448385, 0.08155841408259489, 0.023003296937674743, 0.17967016632982138, 0.12745866010507056]"
aptos_00572,2,3,"[0.0016338147239959094, 0.05922088095799156, 0.15675085738346922, 0.7256868521435381, 0.05670759479100515]"
aptos_00877,4,4,"[0.0013738480719814412, 0.04219109382513103, 0.0049214084999575185, 0.08617535562318393, 0.865338293979746]"
aptos_02512,0,0,"[0.8046615708121746, 0.05818716450950042, 0.016003699652261096, 0.07169478723899772, 0.0494527777870663]"
aptos_02596,0,0,"[0.7993439288774042, 0.04465942873048786, 0.01927114638021375, 0.07099189339840105, 0.0657336026134931]"
aptos_01440,2,2,"[0.002880862247079697, 0.3170448893987824, 0.5958170739343599, 0.013024111287688876, 0.0712330631320891]"
aptos_02448,2,2,"[0.046954761023608904, 0.3296351011792339, 0.43129231359526893, 0.14969475536439378, 0.042423068837494464]"
aptos_00314,0,0,"[0.7404681436945021, 0.09848887490843766, 0.013392601584371817, 0.08383451109624122, 0.0638158687164472]"
aptos_01489,0,0,"[0.6574688319590707, 0.059542161115582914, 0.025205354591934164, 0.11389790039227332, 0.14388575194113898]"
aptos_01175,2,3,"[0.0027153398944923086, 0.04791978866545322, 0.03965256370478072, 0.6843926879723431, 0.22531961976293063]"
aptos_01768,0,0,"[0.8121169090416862, 0.03089008192382894, 0.020517248908887037, 0.07958339297070265, 0.05689236715489537]"
aptos_01587,4,3,"[0.0007568575931070979, 0.006738158168872714, 0.015084164646283073, 0.9243470962627466, 0.0530737233289905]"
aptos_01287,2,2,"[0.0014331254716630566, 0.056152842111801965, 0.8106571892197485, 0.005311899390750004, 0.12644494380603655]"
aptos_03629,0,0,"[0.8243223567036214, 0.028748860132224864, 0.01407551455423867, 0.06980133652646395, 0.06305193208345117]"
aptos_00526,3,4,"[0.0019651373287382645, 0.030675264479811334, 0.30001315914668925, 0.2882236942615356, 0.37912274478322555]"
aptos_03155,0,0,"[0.8483458385449812, 0.04777784007148304, 0.012598010318306228, 0.057471721163129805, 0.033806589902099664]"
aptos_03140,0,0,"[0.6502744289244528, 0.06203047413042762, 0.022988313607453643, 0.15808468793196656, 0.10662209540569942]"
aptos_02543,3,4,"[0.003520523270853888, 0.022244030621893757, 0.005805838700563422, 0.44551755776769103, 0.5229120496389978]"
aptos_00972,0,0,"[0.7214671387445626, 0.048096236188363055, 0.031198050416712014, 0.13248501570596807, 0.06675355894439422]"
aptos_02254,1,1,"[0.0008657133961867412, 0.5464274482476503, 0.35774735494512233, 0.026537211063180296, 0.06842227234786032]"
aptos_03483,0,0,"[0.7228272905600384, 0.06855170099837579, 0.11449937984189952, 0.04415691268231277, 0.049964715917373566]"
aptos_00529,2,2,"[0.2794187582788533, 0.11021657605230718, 0.4295378563134466, 0.06417140506365601, 0.11665540429173697]"
aptos_02960,2,2,"[0.0027165161283491395, 0.02197185721833489, 0.8727837332214952, 0.08646864290048986, 0.016059250531330845]"
aptos_00651,4,2,"[0.0023991211197214855, 0.0070690756136816985, 0.740387787015036, 0.147893443676192, 0.10225057257536868]"
aptos_01002,0,0,"[0.746460003565816, 0.08229023348193684, 0.013759118177289465, 0.08751136718715813, 0.06997927758779947]"
aptos_01409,0,0,"[0.6577416721168241, 0.0898590421265994, 0.014464242243472826, 0.1337568813363221, 0.10417816217678141]"
aptos_03378,0,0,"[0.78543163597947, 0.09090233918148977, 0.01487841033642783, 0.06523451928253968, 0.04355309522007261]"
aptos_01450,1,1,"[0.003181988039801298, 0.9893643010774437, 0.0014377993999505783, 0.002563196405135179, 0.0034527150776690794]"
aptos_00329,0,0,"[0.6746213444922351, 0.07026750995578564, 0.024986572787236826, 0.11398260382063048, 0.11614196894411193]"
aptos_02988,0,0,"[0.6661688620629869, 0.03913786146748232, 0.011415875050252286, 0.17857003644325575, 0.10470736497602279]"
aptos_02276,0,0,"[0.6857908185957811, 0.0627118718472681, 0.056293727122428534, 0.08428394776144986, 0.11091963467307248]"
aptos_01511,0,0,"[0.7517100180491152, 0.0473045352966615, 0.018335653288389563, 0.10926070878477448, 0.07338908458105925]"
aptos_03433,1,2,"[0.002459498342750029, 0.2090837567562086, 0.6734305157000372, 0.032781673547659755, 0.08224455565334425]"
aptos_01482,0,0,"[0.6519461862390799, 0.06120380230843569, 0.03102406338386728, 0.17301907680138176, 0.08280687126723536]"
aptos_03569,0,0,"[0.5485696410143333, 0.23102773501699528, 0.018992817980052153, 0.09276576172768611, 0.1086440442609333]"
aptos_00790,2,3,"[0.0021995713269663164, 0.009061970124220782, 0.32801525260508496, 0.5975982309961829, 0.06312497494754503]"
aptos_00406,0,0,"[0.80231326285976, 0.06423996607384846, 0.007887322948297455, 0.07518279171367927, 0.05037665640441477]"
aptos_01165,0,0,"[0.7164239936365541, 0.052979197337761005, 0.02949403064326407, 0.1421030932605648, 0.05899968512185601]"
aptos_03618,3,3,"[0.002545656864087333, 0.01079310992702283, 0.004387946923021569, 0.6599256856054739, 0.32234760068039436]"
aptos_01053,2,2,"[0.005170329983314536, 0.02434272823237074, 0.5483195017761971, 0.29489081605753714, 0.12727662395058026]"
aptos_02125,0,0,"[0.8311445021657629, 0.06916304338323365, 0.005606174665669793, 0.04110331233182505, 0.052982967453508695]"
aptos_03127,2,3,"[0.002200515123039083, 0.02292645405227164, 0.34886409705341287, 0.5911952363271941, 0.03481369744408241]"
aptos_00320,2,2,"[0.00036294605757428275, 0.02499178559837769, 0.9657077159667345, 0.002303593455220623, 0.006633958922092861]"
aptos_02440,2,2,"[0.003311874607638401, 0.021448379752502425, 0.8829974230632003, 0.047487549223441554, 0.0447547733532174]"
aptos_01922,0,0,"[0.7276038277936883, 0.043924328060998365, 0.03513043567837758, 0.11136158294029999, 0.08197982552663582]"
aptos_02814,0,0,"[0.7021196100076392, 0.08503453564858751, 0.02229828088480035, 0.0960045593832036, 0.09454301407576929]"
aptos_03182,0,0,"[0.5630352509450722, 0.0737700694491524, 0.033671540922935415, 0.17497432187624748, 0.1545488168065925]"
aptos_03606,0,0,"[0.7595610505681885, 0.05082874563054162, 0.0199267767876243, 0.08608003463635239, 0.08360339237729317]"
aptos_00159,2,2,"[0.018389961707448204, 0.05336434750914872, 0.8189226591617415, 0.07062736960602801, 0.0386956620156336]"
aptos_01022,0,0,"[0.8472837712970711, 0.03145414133970994, 0.02245364626875352, 0.06610662205350559, 0.03270181904095986]"
aptos_00593,4,4,"[0.0012647758892492746, 0.004604939882381373, 0.00899922859286825, 0.030035686665250624, 0.9550953689702504]"
aptos_02325,2,1,"[0.009532299821550677, 0.5542593291101686, 0.3627400224369026, 0.03951420975374743, 0.03395413887763055]"
aptos_00553,0,0,"[0.7514767436292964, 0.0948824950054538, 0.02300271284867188, 0.07871721060522577, 0.051920837911352054]"
aptos_03587,2,2,"[0.007172919002990484, 0.05635952191494894, 0.6455921090577711, 0.022582279888892113, 0.26829317013539744]"
aptos_00078,2,2,"[0.005874934476214639, 0.19437196002059903, 0.7146319925244431, 0.018949476560483864, 0.06617163641825925]"
aptos_00055,0,0,"[0.7312931547958758, 0.05343124827630733, 0.028645549032614168, 0.10855739773317095, 0.07807265016203183]"
aptos_03446,0,0,"[0.6637083454613254, 0.11845616708871856, 0.02345253802671985, 0.11820647270748345, 0.0761764767157527]"
aptos_02608,0,0,"[0.8057504294041732, 0.04114397880954589, 0.012506045082257911, 0.07053760962759013, 0.07006193707643286]"
aptos_02774,2,2,"[0.010713524741515228, 0.1291255827840955, 0.735701408938801, 0.03920947097042841, 0.08525001256515972]"
aptos_03575,0,0,"[0.7301537206050265, 0.037491735897878534, 0.03336605480219329, 0.12730270728428175, 0.07168578141061989]"
aptos_01532,4,1,"[0.009114350762895785, 0.3699621375310508, 0.2560310527119664, 0.03201553347086435, 0.3328769255232227]"
aptos_01202,0,0,"[0.7305403305672559, 0.04629225442779666, 0.016532761369343583, 0.11770593034040543, 0.08892872329519833]"
aptos_02404,0,0,"[0.767867182923904, 0.06147797056430915, 0.011475780115241023, 0.0902916551444736, 0.06888741125207212]"
aptos_00439,2,2,"[0.010657032692581316, 0.035068611449895835, 0.9157874330286803, 0.0074206528106378535, 0.03106627001820474]"
aptos_01315,4,3,"[0.0020053796008978448, 0.04025597578814511, 0.12379522438470729, 0.7914421014706114, 0.042501318755638305]"
aptos_02729,0,0,"[0.722652440653401, 0.0622159762981928, 0.02206270602549019, 0.11622074286944008, 0.07684813415347588]"
aptos_00377,2,2,"[0.0008489683722024264, 0.005944972478260219, 0.9646679602454856, 0.017990947433699216, 0.010547151470352447]"
aptos_01628,2,2,"[0.0018676430468220094, 0.12025996176437484, 0.62057036238139, 0.2274600453860016, 0.029841987421411743]"
aptos_03401,0,0,"[0.8168880514625043, 0.03857213156651546, 0.010378092010414928, 0.07790469872100525, 0.056257026239559915]"
aptos_00348,2,2,"[0.0014090376920067578, 0.04096131875385431, 0.5865806867158321, 0.29462059369810323, 0.07642836314020363]"
aptos_00014,1,1,"[0.2771093032257388, 0.29535209342443886, 0.28884422744716204, 0.06460706361701661, 0.07408731228564373]"
aptos_03620,4,1,"[0.0013020866419668372, 0.8169868559264633, 0.12680918347831502, 0.03377872344700508, 0.021123150506249945]"
aptos_03476,0,0,"[0.6475216188991813, 0.0694179945745229, 0.012112991304555816, 0.17057585344197249, 0.1003715417797676]"
aptos_02465,0,0,"[0.836690600249509, 0.033533298126145944, 0.009200285131262363, 0.057621880432341094, 0.06295393606074133]"
aptos_03147,0,0,"[0.7232843044746645, 0.07863983728488808, 0.013069127137950375, 0.09999543396202375, 0.08501129714047319]"
aptos_03567,0,0,"[0.8065780651067581, 0.0361435481037421, 0.008607159501703904, 0.0645146843093998, 0.08415654297839624]"
aptos_03324,0,0,"[0.6298174333594259, 0.06144762857766731, 0.021833685293707987, 0.17528997682952693, 0.11161127593967195]"
aptos_03573,0,0,"[0.7945419590382815, 0.04895653225232192, 0.009898542353687667, 0.0805496981743312, 0.06605326818137776]"
aptos_02694,2,2,"[0.0052624345585061075, 0.08442819320177453, 0.8779974080429852, 0.020631682738779696, 0.011680281457954404]"
aptos_03628,0,0,"[0.7964976640204876, 0.0424318405730103, 0.014542207832244549, 0.08869426493920506, 0.05783402263505245]"
aptos_02043,0,0,"[0.6018550335290143, 0.09235936210454182, 0.040938269185377664, 0.1500052533384776, 0.11484208184258868]"
aptos_01512,0,0,"[0.6295697638507, 0.08896012848495304, 0.04578220258239207, 0.15161622103405717, 0.0840716840478977]"
aptos_02403,4,4,"[0.0024076736433884696, 0.046607526993606756, 0.002181670377247944, 0.1500002530705434, 0.7988028759152135]"
aptos_02766,0,0,"[0.6593017382651114, 0.10520849361002134, 0.025059865607206928, 0.11740934642637804, 0.09302055609128226]"
aptos_02133,0,0,"[0.7615582163376536, 0.06040274433773418, 0.01892499452297865, 0.09234503233505767, 0.06676901246657578]"
aptos_02092,1,3,"[0.003330385187072742, 0.18985464468809057, 0.07464261195599284, 0.6136507593648272, 0.11852159880401676]"
aptos_03379,0,0,"[0.5780634933596821, 0.10531258740021097, 0.021675388365081906, 0.1979624130943366, 0.09698611778068854]"
aptos_03259,0,0,"[0.7569177968194712, 0.038428063901024954, 0.022511613312574504, 0.10959891975316827, 0.07254360621376116]"
aptos_01600,0,0,"[0.6657906851287213, 0.19368507309060953, 0.013175097540613679, 0.07871193139748467, 0.048637212842570915]"
aptos_01048,4,3,"[0.0006985706205883238, 0.011790029922346281, 0.05598471793090287, 0.9211986328707744, 0.01032804865538806]"
aptos_00060,0,0,"[0.6787263122915059, 0.043759146735019495, 0.028398835341196832, 0.1537341592375575, 0.09538154639472013]"
aptos_02875,0,0,"[0.7383004332614983, 0.049995474456036956, 0.030713613644241387, 0.12324111492561446, 0.057749363712609074]"
aptos_02045,4,2,"[0.0005707505567468111, 0.01033892232577189, 0.8764669789631843, 0.06507790580272843, 0.047545442351568726]"
aptos_03248,0,0,"[0.694729601190869, 0.07110057419504066, 0.01505443857034767, 0.12433928677618396, 0.09477609926755874]"
aptos_01276,1,1,"[0.00399823075691549, 0.5613383345917016, 0.36242570413773734, 0.024531118015298357, 0.047706612498347324]"
aptos_03260,1,0,"[0.7358916548330684, 0.0939718062097564, 0.015450349336022372, 0.08871531932608957, 0.06597087029506325]"
aptos_01353,0,0,"[0.6633084439651545, 0.04949749290172117, 0.02188418398033119, 0.17914138152902426, 0.08616849762376894]"
aptos_00083,0,0,"[0.7502426083540696, 0.043043289780522305, 0.03036721889955596, 0.11810537206611833, 0.05824151089973395]"
aptos_02152,2,2,"[0.005816452944191825, 0.3081049285217957, 0.6269653954429975, 0.022946043146231717, 0.03616717994478327]"
aptos_00343,3,4,"[0.0019288770883621649, 0.04348680479149195, 0.008050003627786262, 0.24145566757311634, 0.7050786469192432]"
aptos_00722,2,2,"[0.04030698120588614, 0.2172505024803327, 0.6526275562428083, 0.06117544597061792, 0.02863951410035508]"
aptos_03030,2,2,"[0.011389790144565154, 0.02528014386891765, 0.8680065795143049, 0.05829033789988091, 0.03703314857233131]"
aptos_03657,2,3,"[0.0004458296998129391, 0.00342628157485758, 0.12657187639661813, 0.8614342731923423, 0.008121739136368942]"
aptos_02663,2,2,"[0.001887756690709698, 0.0022394673241286755, 0.7348419868643411, 0.2401945232507596, 0.020836265870060898]"
aptos_01118,0,0,"[0.6391259349803164, 0.07538950990470318, 0.029307066816319137, 0.12581659299338716, 0.13036089530527406]"
aptos_00887,2,2,"[0.0007055128136506536, 0.011494321601246532, 0.8859189024765597, 0.06567033749417768, 0.036210925614365515]"
aptos_00302,0,0,"[0.7155657730296322, 0.06782850184886617, 0.016098558783634892, 0.10612296268156651, 0.0943842036563003]"
aptos_01160,2,3,"[0.001294905255949089, 0.11490912318854898, 0.21881020386005703, 0.37002219675667003, 0.29496357093877484]"
aptos_02250,2,2,"[0.005466879211652881, 0.014065387265586012, 0.5204426839728039, 0.17548551353622796, 0.2845395360137291]"
aptos_01267,2,2,"[0.0015112831552046952, 0.03404448565744083, 0.7241052428570302, 0.17977001075541585, 0.06056897757490859]"
aptos_01060,4,1,"[0.0026428307327850424, 0.9609076646348077, 0.0026729041193192964, 0.011869485965208457, 0.02190711454787954]"
aptos_00929,0,0,"[0.7561657269474575, 0.08328081558756847, 0.014117783993809712, 0.08537210692943041, 0.06106356654173375]"
aptos_01006,0,0,"[0.7729785355754724, 0.029683894066874928, 0.014026605640743678, 0.11935347409596228, 0.06395749062094679]"
aptos_00198,1,1,"[0.002919986878525787, 0.6188185130670895, 0.3379469928773232, 0.008071279558052804, 0.032243227619008615]"
aptos_00107,0,0,"[0.7485104505638595, 0.03170564717667472, 0.022022157621743213, 0.1335669523383511, 0.06419479229937156]"
aptos_03282,2,2,"[0.0011505016876403103, 0.03073450900086296, 0.9188400195505403, 0.04012463885364832, 0.009150330907308218]"
aptos_02817,0,0,"[0.8289943390822849, 0.03662127903773027, 0.012913169485813551, 0.06695876228635424, 0.054512450107817176]"
aptos_00286,0,0,"[0.7266498552138828, 0.03755847476455926, 0.036693069882319324, 0.11490188056747748, 0.084196719571761]"
aptos_00864,2,2,"[0.007399061328307892, 0.028317597015420966, 0.8089933503154346, 0.008669719863776081, 0.14662027147706036]"
aptos_01192,0,0,"[0.7414904742874051, 0.05384267123265583, 0.020680681893825843, 0.11579208680941987, 0.06819408577669324]"
aptos_01822,0,0,"[0.7855972636605565, 0.05976969032773595, 0.013301673183665373, 0.07152039425430687, 0.06981097857373525]"
aptos_03449,0,0,"[0.6914574792780362, 0.07576294792914813, 0.020863856711798835, 0.13238837729766073, 0.07952733878335602]"
aptos_03224,2,2,"[0.004040258084876804, 0.03012977840503116, 0.5258938180613948, 0.4143536334107205, 0.025582512037976624]"
aptos_00698,1,1,"[0.004376776229876587, 0.48726806082812063, 0.3402656702853272, 0.0540333628764971, 0.1140561297801785]"
aptos_00883,0,0,"[0.8133421689583504, 0.03275018361526762, 0.020903033925684943, 0.06488490271509179, 0.06811971078560512]"
aptos_01110,0,0,"[0.8159511386594198, 0.04494846429998602, 0.01893098614383213, 0.06476503783264594, 0.05540437306411609]"
aptos_01750,0,0,"[0.64422043260614, 0.07456623098099935, 0.02603048442816922, 0.17207591894548308, 0.08310693303920824]"
aptos_00671,4,4,"[0.0016937722542698741, 0.01933403945189327, 0.0013255997208366037, 0.1072648582101265, 0.8703817303628737]"
aptos_03199,0,0,"[0.5897321405329904, 0.09803946508588068, 0.03400822488413915, 0.17232487173682265, 0.10589529776016711]"
aptos_02562,1,2,"[0.0074501373258807685, 0.33731880475236825, 0.5672858181954609, 0.05817605655091189, 0.029769183175378085]"
aptos_01320,0,0,"[0.749385904103602, 0.042829051034062114, 0.025929145497802886, 0.11756389537676104, 0.06429200398777209]"
aptos_01813,0,0,"[0.7084916010641313, 0.09311078314067178, 0.021088760982102942, 0.11835530785138879, 0.05895354696170509]"
aptos_03332,4,2,"[0.0005194067990215717, 0.003919863238605499, 0.8608986527654501, 0.11683120527182966, 0.01783087192509322]"
aptos_00695,0,0,"[0.8614986827241072, 0.041684355921855466, 0.008724293650084593, 0.042884699487783194, 0.045207968216169556]"
aptos_01609,0,0,"[0.743753211647683, 0.05400716027563545, 0.012065729753563228, 0.12465402613342356, 0.06551987218969474]"
aptos_00419,0,0,"[0.7207087779053385, 0.03917660587983136, 0.04270540335798028, 0.1411555622668489, 0.056253650590000995]"
aptos_00220,1,1,"[0.001418796105365552, 0.9960119148911241, 0.0010532237633660698, 0.001144092170579571, 0.0003719730695646008]"
aptos_01021,0,0,"[0.7296108390138027, 0.05854573200219818, 0.029583079245880748, 0.10663534097004518, 0.0756250087680732]"
aptos_00259,0,0,"[0.7698907477778762, 0.07198000992366188, 0.019680137983245867, 0.07476948357494873, 0.0636796207402673]"
aptos_00853,2,3,"[0.0034184443941481673, 0.03665196509735583, 0.2886873746618415, 0.6181022737611471, 0.05313994208550727]"
aptos_01354,0,0,"[0.6326621653681355, 0.07503816694198132, 0.017434720753363452, 0.16736767113529297, 0.10749727580122695]"
aptos_02225,0,0,"[0.7536392269381036, 0.08404954217315506, 0.012294820036466142, 0.0783950306975427, 0.07162138015473238]"
aptos_03118,2,2,"[0.005171623947840265, 0.008198215566073903, 0.9380003749630522, 0.02780054321905661, 0.020829242303977032]"
aptos_01828,0,0,"[0.8056790433386998, 0.03951822530002753, 0.023556197240033536, 0.09891650403391555, 0.032330030087323616]"
aptos_02946,1,1,"[0.00027802957028519033, 0.9647475653949221, 0.016404667951340185, 0.01526761718549132, 0.0033021198979611395]"
aptos_02981,4,3,"[0.0011283420042024611, 0.013111687848942706, 0.06647109663346222, 0.7737435593710963, 0.14554531414229635]"
aptos_01836,0,0,"[0.6901007760449777, 0.10424487981197696, 0.022223137642381215, 0.08833599551738017, 0.09509521098328415]"
aptos_01507,4,4,"[0.0016775403291490946, 0.05310255526249461, 0.0053994353346553834, 0.06673459488702028, 0.8730858741866806]"
aptos_02393,1,1,"[0.0011528650719915985, 0.9654420462168588, 0.010469826201828082, 0.00831067162513359, 0.014624590884187856]"
aptos_00834,2,2,"[0.001268930205334601, 0.1088505034210917, 0.43298740787960255, 0.41657494419708935, 0.0403182142968819]"
aptos_00606,0,0,"[0.7546695642886712, 0.053060134825629726, 0.020283532087118295, 0.10589347921469211, 0.06609328958388881]"
aptos_01055,3,3,"[0.0016663818765615464, 0.025119076364841737, 0.07759113959149856, 0.8733797931160013, 0.02224360905109688]"
aptos_01675,0,0,"[0.8181313436115909, 0.047808401642325186, 0.018260153419496186, 0.0613680299913119, 0.054432071335275924]"
aptos_00311,0,0,"[0.5327651161428926, 0.025792834464769803, 0.027364315323492438, 0.285932572976761, 0.12814516109208426]"
aptos_00351,0,0,"[0.7249133820049194, 0.09831871277750052, 0.019640735650671412, 0.08781118288666495, 0.06931598668024348]"
aptos_02509,0,0,"[0.7383275823463762, 0.06839726175252049, 0.007336505768450341, 0.12225857604561517, 0.06368007408703766]"
aptos_02826,3,3,"[0.0011415391320930845, 0.015357590239306275, 0.011946529666048486, 0.9463198736921355, 0.025234467270416585]"
aptos_02823,2,3,"[0.000816634167044321, 0.0037080135234484955, 0.3063684572200667, 0.6822913396494628, 0.006815555439977642]"
aptos_03141,0,0,"[0.7672452470109505, 0.046719303340817295, 0.02573949253161217, 0.08910998406948681, 0.07118597304713307]"
aptos_01607,2,2,"[0.0026054296786925187, 0.3319617964999134, 0.4707902981284143, 0.15252248041647687, 0.042119995276503]"
aptos_00539,3,3,"[0.0034091610943907742, 0.08797908511767906, 0.04233747643831369, 0.6961409556340479, 0.1701333217155686]"
aptos_01549,4,4,"[0.011467901914847265, 0.2033754533146092, 0.0018755672177062934, 0.007420136017840118, 0.7758609415349971]"
aptos_03603,2,3,"[0.0016381923293376892, 0.026573665285471882, 0.2846581029269356, 0.6471437302395145, 0.039986309218740204]"
aptos_01766,0,0,"[0.6957384499087615, 0.09546007596388084, 0.02161100464556781, 0.10118714889251482, 0.08600332058927514]"
aptos_02776,4,0,"[0.6779617335063405, 0.01547027027783758, 0.039172308539826936, 0.09876190847847588, 0.16863377919751912]"
aptos_01866,2,2,"[0.003985970751214152, 0.22782819278267338, 0.4709730707130523, 0.26775569998867293, 0.029457065764387304]"
aptos_01256,2,4,"[0.00417481590864891, 0.009910651108291889, 0.023202318345378208, 0.036651499632461546, 0.9260607150052195]"
aptos_03242,2,2,"[0.0026752641655117763, 0.028231770582422426, 0.8364905373487979, 0.11590902660411026, 0.01669340129915782]"
aptos_00502,2,2,"[0.0034237536519623355, 0.05962936374678301, 0.7643633885723724, 0.14892405357114744, 0.023659440457734823]"
aptos_02253,2,2,"[0.0008329612501015177, 0.011241103487975378, 0.8982108678198077, 0.08353748684726639, 0.006177580594848905]"
aptos_00118,0,0,"[0.7134836629760397, 0.09661761709108248, 0.00914655396701969, 0.10835892142783789, 0.07239324453802042]"
aptos_00012,0,0,"[0.714320747662876, 0.05942974454866646, 0.025492129843851203, 0.11903573126958518, 0.0817216466750211]"
aptos_00528,4,3,"[0.0004082672864464151, 0.008001263943060761, 0.05184472495885298, 0.9307445449437125, 0.00900119886792736]"
aptos_01903,1,1,"[0.00026625581773697586, 0.9949440486601794, 0.0011601584213780703, 0.0018828585877131052, 0.0017466785129923478]"
aptos_01522,2,2,"[0.005087820530411373, 0.035245152304364175, 0.9084882254198134, 0.005527317799320791, 0.04565148394609032]"
aptos_02876,3,4,"[0.005755520328568244, 0.012333450502868624, 0.2713119769831179, 0.31622793162948265, 0.39437112055596263]"
aptos_00703,0,0,"[0.7688487417301842, 0.059770325112416596, 0.03060900087603168, 0.08631023975738968, 0.05446169252397785]"
aptos_02247,0,0,"[0.5889821140022816, 0.07589495077361214, 0.021292153924414803, 0.21110271331716177, 0.10272806798252979]"
aptos_03500,0,0,"[0.7864127846792799, 0.0714197085559386, 0.01008108998554283, 0.06449182722646077, 0.06759458955277799]"
aptos_02571,2,2,"[0.0012484946878088647, 0.008591261443054617, 0.9183867888914056, 0.06615356804176858, 0.005619886935962337]"
aptos_02926,0,1,"[0.0028160043392835535, 0.9751339229657834, 0.002900759543822621, 0.0018640334091403967, 0.017285279741970146]"
aptos_03605,0,0,"[0.7272056865732512, 0.06395704954040746, 0.026614368226009537, 0.09975499450943125, 0.08246790115090055]"
aptos_03246,0,0,"[0.7106319928039255, 0.08043126084956558, 0.022702597303533315, 0.11973383814842918, 0.06650031089454643]"
aptos_02531,0,0,"[0.7314279098902433, 0.09431272502848642, 0.02030054582053882, 0.08593912852879641, 0.06801969073193506]"
aptos_03591,2,2,"[0.001209531379585973, 0.00985150051542016, 0.7856930511419071, 0.14589818603424143, 0.05734773092884507]"
aptos_01957,1,3,"[0.0018453164372429413, 0.046897411443312914, 0.4058222588410907, 0.5303389872931928, 0.015096025985160706]"
aptos_02486,2,2,"[0.003392349755665744, 0.03317382662380789, 0.9448630945615341, 0.013748262868904617, 0.004822466190087732]"
aptos_01214,0,0,"[0.7614359625482381, 0.06024425988676808, 0.01312329665115255, 0.09076141564902256, 0.07443506526481883]"
aptos_03488,2,2,"[0.0007891306890325535, 0.024292713061558207, 0.8624256259844438, 0.06220082743158035, 0.05029170283338508]"
aptos_00213,2,2,"[0.004685006571191053, 0.07797598875580519, 0.883724173785717, 0.020016703397311666, 0.013598127489975098]"
aptos_02109,0,0,"[0.7694043626720231, 0.058563355399084825, 0.03258449057506753, 0.06987743066069278, 0.0695703606931319]"
aptos_01700,0,0,"[0.7129436796668005, 0.0678203385088945, 0.03114447082868459, 0.0974602349286118, 0.09063127606700856]"
aptos_02088,0,0,"[0.6467747597781591, 0.17936361430499004, 0.021880998077552644, 0.077039377383503, 0.07494125045579529]"
aptos_01562,0,0,"[0.6973653394343641, 0.037129080373861985, 0.006771707591757298, 0.1514087659569356, 0.10732510664308119]"
aptos_00181,2,2,"[0.0012527372694159749, 0.038456207123926806, 0.881373918261993, 0.061554858920893796, 0.017362278423770576]"
aptos_00322,0,0,"[0.8158861764765323, 0.04789603894399935, 0.027270167592775042, 0.06930911504737398, 0.03963850193931943]"
aptos_02898,0,0,"[0.7412600190641898, 0.09330325984473231, 0.02150764436423795, 0.08883081571387541, 0.05509826101296437]"
aptos_01102,0,0,"[0.6869850716776196, 0.08261365980321374, 0.030793661900583132, 0.10048617466143525, 0.09912143195714804]"
aptos_01641,0,0,"[0.7875952007642512, 0.03580466932218904, 0.024439432161629287, 0.082536265738951, 0.06962443201297926]"
aptos_03639,1,1,"[0.011367590540339804, 0.9467535673465278, 0.011896294992912417, 0.016355495725860227, 0.013627051394359834]"
aptos_03238,2,0,"[0.31422191488524076, 0.2668981942669662, 0.2700632461104796, 0.0973343930932111, 0.05148225164410227]"
aptos_03117,0,0,"[0.4445728408704395, 0.23767691840667668, 0.07552435731239429, 0.14151406880132877, 0.10071181460916084]"
aptos_01853,0,0,"[0.7040184324697281, 0.09882835212804239, 0.015335067269236217, 0.11376776615941687, 0.06805038197357649]"
aptos_03349,2,2,"[0.004368690011832235, 0.04089360691380013, 0.857650755302979, 0.07717069509776692, 0.019916252673621675]"
aptos_00437,0,0,"[0.796748790332169, 0.04783964586615175, 0.008555260422342299, 0.08817538696914734, 0.0586809164101896]"
aptos_02713,3,3,"[0.002546317176179438, 0.011005777976164744, 0.029799110454855466, 0.9066778400896386, 0.049970954303161674]"
aptos_00903,0,0,"[0.6791949053169026, 0.07875290846220398, 0.03266361008750982, 0.09235626252424364, 0.11703231360913988]"
aptos_00426,2,2,"[0.0025688198470494193, 0.06186613281937709, 0.9009412906746429, 0.026704068225643165, 0.007919688433287388]"
aptos_01473,2,2,"[0.012818646238513715, 0.05443195852126971, 0.6062341081541038, 0.2948482971971304, 0.03166698988898227]"
aptos_02630,0,0,"[0.7823673247806059, 0.045098930365100355, 0.013307801163952552, 0.088923172770923, 0.07030277091941832]"
aptos_01883,0,0,"[0.7828490200619805, 0.06703981068285372, 0.023212491036250373, 0.08233166798835716, 0.0445670102305583]"
aptos_03447,1,1,"[0.003580570668783208, 0.411665455659799, 0.2661650207019131, 0.04270685628355474, 0.27588209668595]"
aptos_01942,4,3,"[0.00231741180176196, 0.020925973645448893, 0.3161932911049452, 0.5636782696630982, 0.09688505378474581]"
aptos_00247,0,0,"[0.6132178183451331, 0.1355349978454205, 0.02902085898513301, 0.1300226586215098, 0.09220366620280349]"
aptos_01685,0,0,"[0.7990929387092301, 0.06697554791418188, 0.012583414066625664, 0.05899320599590257, 0.062354893314059745]"
aptos_01212,0,0,"[0.6453273423861375, 0.060348615448618546, 0.02531519468007175, 0.17068145918375627, 0.0983273883014158]"
aptos_01441,1,2,"[0.0008685528582450604, 0.026996580123788055, 0.9551341584354467, 0.009628072381537386, 0.007372636200982732]"
aptos_03397,1,1,"[0.005540355348899822, 0.5430337301620576, 0.3595229513802233, 0.030374515330433862, 0.061528447778385356]"
aptos_01394,4,2,"[0.0006893114089223798, 0.038225579870583684, 0.5256453582560368, 0.1710242099138155, 0.2644155405506416]"
aptos_01414,0,0,"[0.7373279243516758, 0.05347820004539665, 0.012920908490509116, 0.13023137789875272, 0.06604158921366572]"
aptos_01544,2,2,"[0.0007316001569772606, 0.01703714953096746, 0.92951269031467, 0.03567368828309062, 0.017044871714294637]"
aptos_03091,0,0,"[0.7583234578757237, 0.04732551338171623, 0.021131312458788912, 0.1118187813567776, 0.061400934926993694]"
aptos_02013,0,0,"[0.799526291045752, 0.053926363086502234, 0.011809091074128487, 0.06661526731489732, 0.06812298747871989]"
aptos_00573,0,0,"[0.7423297832826111, 0.037205927039299175, 0.02386649033756086, 0.12907543074761849, 0.06752236859291064]"
aptos_01946,0,0,"[0.7696945580025408, 0.0385596820794356, 0.018422638010304446, 0.10806470234731477, 0.06525841956040448]"
aptos_00191,0,0,"[0.6880945237814197, 0.07767101008156631, 0.00860139995423582, 0.12866604942356127, 0.09696701675921704]"
aptos_00120,3,2,"[0.001904369277732954, 0.0751474201395558, 0.7825721126674834, 0.07862984626259674, 0.0617462516526312]"
aptos_02357,2,2,"[0.0003984129660796609, 0.006036658625019363, 0.957411781144837, 0.010909827337693061, 0.02524331992637085]"
aptos_00765,0,0,"[0.5203752055374636, 0.26884990442232654, 0.045510544417206485, 0.1256319831220657, 0.039632362500937726]"
aptos_02903,2,2,"[0.0029643495510281574, 0.022206056507110487, 0.5378764507214808, 0.3427494018172801, 0.09420374140310044]"
aptos_03313,0,0,"[0.7601307682056213, 0.08030998907582453, 0.019472686914667827, 0.09420415679334841, 0.045882399010538026]"
aptos_00484,2,3,"[0.0017932593721724126, 0.026443077645138924, 0.19104475804800153, 0.6728255372937707, 0.10789336764091655]"
aptos_02162,0,0,"[0.7311377235961002, 0.06469246495140668, 0.006964739037386855, 0.13640858436948547, 0.06079648804562107]"
aptos_01602,2,3,"[0.003603660701729875, 0.06787332803802555, 0.3184540304952775, 0.5793153768924734, 0.03075360387249369]"
aptos_01856,0,0,"[0.7494035261368698, 0.05078036145952436, 0.017964394460090703, 0.08736894810266732, 0.09448276984084786]"
aptos_03219,0,0,"[0.6987041869508499, 0.0727099536036387, 0.019890540386037197, 0.12474353871528965, 0.08395178034418435]"
aptos_00794,1,0,"[0.6645107644575712, 0.09561175840458916, 0.037500493298233864, 0.13530650196544908, 0.06707048187415683]"
aptos_02559,0,0,"[0.7229106885826392, 0.06676156408904024, 0.016287450007283946, 0.11545848952197622, 0.0785818077990603]"
aptos_00430,0,0,"[0.7027826737428816, 0.09880310869822632, 0.01117005509929151, 0.10118124475613469, 0.08606291770346568]"
aptos_01831,3,3,"[0.00012618185492565973, 0.0012508070369525522, 0.0033854743507425837, 0.9927001598393896, 0.0025373769179894644]"
aptos_03099,1,1,"[0.00011945538087982761, 0.9810670945423654, 0.00910781107650775, 0.0051136200438903915, 0.004592018956356563]"
aptos_01758,2,2,"[0.0040119964376497475, 0.059946673479956504, 0.3633599356409887, 0.34985884278013396, 0.22282255166127107]"
aptos_00926,3,2,"[0.12745270373366477, 0.024793915750383644, 0.5941041709687386, 0.021643611936966473, 0.23200559761024644]"
aptos_02331,4,2,"[0.0022444370924726564, 0.23619326337827592, 0.6246627893638662, 0.08258337807386384, 0.05431613209152148]"
aptos_01806,0,0,"[0.7537701095773848, 0.04219365761151847, 0.018315848309634234, 0.1331560170023372, 0.052564367499125485]"
aptos_00950,0,0,"[0.6482107198391079, 0.07595357566188432, 0.029553347037795854, 0.13598909933457823, 0.11029325812663375]"
aptos_02975,2,3,"[0.0032419545836857586, 0.04553494365656562, 0.2554612683805563, 0.620028835532092, 0.0757329978471005]"
aptos_03169,3,3,"[0.0003213063114906411, 0.0018734772861657373, 0.006397324052913686, 0.9762508969867351, 0.015156995362694867]"
aptos_02612,1,1,"[0.0022376969560788788, 0.9468828480737705, 0.013527025572203973, 0.024748821659428002, 0.012603607738518577]"
aptos_02223,2,2,"[0.0025046733848061533, 0.02546078016509656, 0.927627327805012, 0.01820351573096861, 0.02620370291411666]"
aptos_03265,0,0,"[0.7120956873023806, 0.08394092215835695, 0.021537672386877812, 0.10912250707015761, 0.0733032110822271]"
aptos_00282,2,2,"[0.0025646361076906124, 0.10795385297765192, 0.48684153129117996, 0.2459242566756679, 0.15671572294780958]"
aptos_01859,0,0,"[0.6516321283059114, 0.05392651962057657, 0.02277609483915816, 0.17550685340577138, 0.09615840382858235]"
aptos_00521,0,1,"[0.08636320695826387, 0.7910202367832454, 0.052988019694863185, 0.029194698903366376, 0.04043383766026112]"
aptos_01940,2,2,"[0.0005505866812934663, 0.10843112252046032, 0.8282678310866138, 0.0283597238244639, 0.03439073588716835]"
aptos_02059,0,0,"[0.7269701000569004, 0.05882217784131324, 0.019069356668654794, 0.13221298724927966, 0.0629253781838519]"
aptos_00283,2,3,"[0.0012740541753023292, 0.018947792005100907, 0.08692173574655372, 0.771686170015833, 0.1211702480572101]"
aptos_00324,0,0,"[0.7426034885412506, 0.0854041433390453, 0.03330987238454596, 0.07519860015069246, 0.06348389558446582]"
aptos_03112,4,4,"[0.0023795065506283194, 0.033542066654737676, 0.015932858965133277, 0.3512296614367022, 0.5969159063927986]"
aptos_02828,2,2,"[0.005499285751713388, 0.18796626011672196, 0.6105029882828948, 0.03522935928428178, 0.1608021065643879]"
aptos_01642,0,0,"[0.6790732075616243, 0.04799556406880758, 0.024618118584603534, 0.16342992366884498, 0.08488318611611954]"
aptos_02107,1,1,"[0.0015648261216576027, 0.9540679642757206, 0.015967451603564303, 0.011620007534617768, 0.016779750464439865]"
aptos_00653,2,2,"[0.000725349790515707, 0.02153787153018377, 0.9213452237573361, 0.01662040276364588, 0.039771152158318716]"
aptos_01365,1,1,"[0.006007785945628532, 0.5595341473791943, 0.02126871196274298, 0.39397667024959887, 0.019212684462835375]"
aptos_03234,0,0,"[0.736511729603756, 0.04845648528385567, 0.028596116204818268, 0.1008321995889141, 0.08560346931865594]"
aptos_01654,0,0,"[0.6875544514257815, 0.06525027565849319, 0.02047400560974687, 0.12853842212627975, 0.09818284517969866]"
aptos_01069,0,0,"[0.7000197663628933, 0.05827276869885249, 0.019569294415239014, 0.1354284992198973, 0.08670967130311777]"
aptos_01149,3,3,"[0.002957118788857278, 0.016231757244172623, 0.39388906221491454, 0.40820899584667136, 0.17871306590538422]"
aptos_03312,0,0,"[0.6202808166311382, 0.06386026960108639, 0.02345007786790075, 0.18264136865616226, 0.10976746724371231]"
aptos_00879,2,2,"[0.0020833523708384772, 0.006362034289393144, 0.6107500446313139, 0.36672056131399416, 0.014084007394460309]"
aptos_00151,2,2,"[0.0006647405604396977, 0.030369044698908047, 0.8158675319657881, 0.12820835305636466, 0.02489032971849941]"
aptos_00885,0,0,"[0.6648710955808205, 0.08080686001964928, 0.025692614086702575, 0.13965534856254072, 0.08897408175028697]"
aptos_02143,0,0,"[0.7935440617007253, 0.03729753788130427, 0.01803748553672476, 0.09415154306017103, 0.05696937182107455]"
aptos_00640,0,2,"[0.01376642920235602, 0.01867659332808398, 0.8057623684343518, 0.01267874262779805, 0.1491158664074103]"
aptos_02820,0,0,"[0.7193137922990488, 0.06941855274155662, 0.019349900349907728, 0.12088774304298523, 0.07103001156650147]"
aptos_00953,0,0,"[0.7558538046374397, 0.045570742348857315, 0.026408690218330543, 0.10066892224506094, 0.07149784055031153]"
aptos_01504,0,0,"[0.7412220362222424, 0.046310242837823846, 0.02608177271913234, 0.10908184166128865, 0.07730410655951292]"
aptos_01907,2,2,"[0.001401093893949909, 0.006258908423206042, 0.8860962922598637, 0.07086195816372058, 0.03538174725925966]"
aptos_01936,0,0,"[0.731075296753711, 0.07064694755552398, 0.029705452360575618, 0.10383446977995296, 0.06473783355023663]"
aptos_03041,0,0,"[0.7411182308522167, 0.08733041037753819, 0.023514055401958618, 0.09825960945228358, 0.04977769391600298]"
aptos_01686,2,2,"[0.0015900353642112996, 0.3793709666480532, 0.4469886322803997, 0.1524927957660257, 0.01955756994131004]"
aptos_00456,4,4,"[0.001177579172256474, 0.017889545792878277, 0.005241887411767908, 0.06913801903061681, 0.9065529685924806]"
aptos_01690,0,0,"[0.8006376423044371, 0.025244834023800653, 0.018756780519154276, 0.09886959281362574, 0.056491150338982304]"
aptos_02026,0,0,"[0.668937810994702, 0.0823368346856679, 0.008950567214135952, 0.13933399438487495, 0.10044079272061929]"
aptos_02499,0,0,"[0.7882550416772975, 0.03859955742501034, 0.012843978945430285, 0.09830856500457023, 0.061992856947691556]"
aptos_03250,3,4,"[0.003567529165829699, 0.02164655247961821, 0.00622451724310936, 0.45674491687014956, 0.5118164842412932]"
aptos_01263,0,0,"[0.8061099514337737, 0.04338726717264191, 0.0192209603246865, 0.07890641129333939, 0.05237540977555856]"
aptos_02803,1,1,"[0.0011711387750038755, 0.9014829869966735, 0.07624083454629747, 0.007649294488128352, 0.013455745193896751]"
aptos_03149,0,1,"[0.09734068227639034, 0.7509562476246169, 0.06846369649515029, 0.04713523043505008, 0.036104143168792305]"
aptos_02487,0,0,"[0.7800464341071526, 0.052656334687068755, 0.011235803544717747, 0.09689293567266026, 0.059168491988400636]"
aptos_00020,2,2,"[0.005279242744351259, 0.04289343283226367, 0.8557078502908226, 0.08248446401015357, 0.01363501012240893]"
aptos_03419,2,2,"[0.00269631171209614, 0.06267759850628718, 0.8623349353876757, 0.05544329176444006, 0.01684786262950091]"
aptos_03153,0,0,"[0.7577828465531412, 0.040548434898997676, 0.030641894951469264, 0.12083584862130536, 0.05019097497508653]"
aptos_02367,4,4,"[0.0036627724596638863, 0.021570662617904416, 0.04608489881859171, 0.2094506192718942, 0.7192310468319457]"
aptos_01382,0,0,"[0.73274568989028, 0.04421937788330111, 0.04562142005194398, 0.08114660994659131, 0.09626690222788374]"
aptos_01739,0,0,"[0.722396237660799, 0.06955124005750686, 0.026583739484680402, 0.1034175988146743, 0.07805118398233961]"
aptos_01872,0,0,"[0.7374921299986741, 0.08096358228955922, 0.0166522633989666, 0.1040912122101575, 0.06080081210264261]"
aptos_02010,2,2,"[0.030376449303422523, 0.024656390229107684, 0.7137560800839413, 0.16472049245523998, 0.0664905879282885]"
aptos_03557,0,0,"[0.8026475544819477, 0.06853794640589192, 0.004250518887397563, 0.07491212904241462, 0.04965185118234829]"
aptos_01216,2,3,"[0.0016390590683157062, 0.05876732008365644, 0.16633988768655802, 0.45144062260533624, 0.3218131105561337]"
aptos_01557,0,0,"[0.6633048371492123, 0.16942535621501723, 0.028929683150807933, 0.08739550651447237, 0.05094461697049015]"
aptos_01418,1,2,"[0.03893928324934182, 0.26890717634110184, 0.5138978234403614, 0.06634097108547406, 0.11191474588372075]"
aptos_02510,0,0,"[0.545976316514459, 0.2112538891913628, 0.04684479998209197, 0.08179157512608781, 0.1141334191859985]"
aptos_00757,1,2,"[0.04003769973041113, 0.3346967488047439, 0.5246852060675942, 0.06280674345153395, 0.03777360194571698]"
aptos_02899,0,0,"[0.7200278133996018, 0.05104783977109792, 0.013635181406307574, 0.10700479621562567, 0.10828436920736724]"
aptos_02856,0,0,"[0.7842503996932271, 0.046879446499374644, 0.021318139880754157, 0.08823496635092692, 0.05931704757571702]"
aptos_00807,2,2,"[0.003526583039853236, 0.3266085398230615, 0.41433944398454914, 0.21393878244141018, 0.041586650711125994]"
aptos_01661,0,0,"[0.7534124580684092, 0.10878108044931846, 0.010810394743283668, 0.06661679778322048, 0.06037926895576806]"
aptos_03659,2,3,"[0.003948334274554113, 0.0077999907067045895, 0.10908132870253662, 0.7650702517455094, 0.11410009457069546]"
aptos_02198,2,2,"[0.009068481719545211, 0.30527753664042023, 0.4839920092201, 0.1500993298756585, 0.051562642544276185]"
aptos_00186,2,2,"[0.004420739531361198, 0.16708924943548675, 0.49472846088186545, 0.2940293177014714, 0.039732232449815205]"
aptos_02360,2,3,"[0.0021297113077827267, 0.005572401646213408, 0.19188389234843692, 0.5617623391929718, 0.23865165550459516]"
aptos_00562,1,1,"[0.03971380579470958, 0.7005084869020886, 0.10359330503646101, 0.09966994219018559, 0.056514460076555285]"
aptos_00727,3,4,"[0.0010905611352976267, 0.01372103489078552, 0.007108545817533936, 0.3116996082359973, 0.6663802499203855]"
aptos_02374,0,0,"[0.6143723918057079, 0.12980052201517198, 0.0511963025842174, 0.1164322584264371, 0.08819852516846553]"
aptos_01585,0,0,"[0.689211030245548, 0.0829073063716044, 0.012118551498908463, 0.14231751350124303, 0.07344559838269595]"
aptos_00566,0,0,"[0.6688510068252255, 0.08317692061393599, 0.03285787445017772, 0.13586929443735737, 0.07924490367330349]"
aptos_02762,2,4,"[0.0025683743273444038, 0.07438923039536349, 0.13588805328160966, 0.1436503150438881, 0.6435040269517942]"
aptos_00357,2,2,"[0.0027869912861184782, 0.03386399057557214, 0.9367376746175745, 0.0161439389312767, 0.010467404589458221]"
aptos_01854,2,3,"[0.002241602629428055, 0.003332129271766326, 0.05301161304751373, 0.8038168384523795, 0.13759781659891235]"
aptos_02126,2,3,"[0.002237025740604846, 0.04174448323853741, 0.2830284593835667, 0.5937629436117126, 0.0792270880255784]"
aptos_00844,0,0,"[0.7677934003955276, 0.026227203098249482, 0.018777460005000045, 0.12207775409100766, 0.06512418241021514]"
aptos_03188,0,0,"[0.7271066593276978, 0.05653696534725144, 0.015867951909567767, 0.12597443887460627, 0.07451398454087678]"
aptos_01156,1,2,"[0.0011549944895809093, 0.09703921251525405, 0.8595561803917106, 0.023969787568071426, 0.01827982503538314]"
aptos_00214,2,3,"[0.0003297389340652525, 0.0034692972151970534, 0.019485405161051596, 0.9428775937343712, 0.03383796495531496]"
aptos_00874,0,0,"[0.7252908368796518, 0.06669015374027516, 0.01116095469845855, 0.12021442158421573, 0.07664363309739866]"
aptos_01780,0,0,"[0.7569053028397156, 0.05339843926552005, 0.022521195568767804, 0.08193081000700578, 0.08524425231899074]"
aptos_02378,0,0,"[0.7304538940920366, 0.05085695464241009, 0.030450272352085844, 0.10472985324437273, 0.08350902566909456]"
aptos_00238,2,2,"[0.000846771275615363, 0.02809561172170094, 0.8384848623489333, 0.09656828027104966, 0.03600447438270077]"
aptos_00894,3,3,"[0.002361034181488828, 0.010172386649869957, 0.03523870534405837, 0.7782460032533226, 0.17398187057126027]"
aptos_02077,3,3,"[0.0005043687685922177, 0.0021898455971971135, 0.00864071330848667, 0.9762511786504984, 0.012413893675225683]"
aptos_01540,1,1,"[0.002866236554711969, 0.6172110274379768, 0.35680440268121216, 0.011211102319957889, 0.0119072310061412]"
aptos_00065,0,0,"[0.746394581107215, 0.03872920779685472, 0.0183438581467186, 0.11656260651636215, 0.07996974643284942]"
aptos_03279,4,2,"[0.0007702044501723961, 0.23932032619353125, 0.6952375465579888, 0.04324527854199825, 0.02142664425630945]"
aptos_00036,0,0,"[0.7876049969674449, 0.043879364056185234, 0.010912451862589555, 0.10133103459134492, 0.05627215252243532]"
aptos_00013,3,3,"[0.0004632322562407408, 0.00600109047833188, 0.016566818909308983, 0.9713774804048732, 0.005591377951245478]"
aptos_02627,0,0,"[0.6237616589277717, 0.037992894538318805, 0.007542833445989938, 0.14171763150725966, 0.18898498158065985]"
aptos_02668,2,4,"[0.002036227328299022, 0.02526063789613638, 0.029141762409977703, 0.32912241857313806, 0.6144389537924488]"
aptos_02881,2,2,"[0.0004901661180298973, 0.07266935499070923, 0.7904181895875758, 0.03614644178744049, 0.10027584751624459]"
aptos_02210,2,2,"[0.0008195310573684411, 0.011774359962832211, 0.9712730949711553, 0.005698135697265318, 0.010434878311378744]"
aptos_02518,1,1,"[0.012182917113535311, 0.6325889333785056, 0.2999765482336466, 0.02840399997319683, 0.026847601301115586]"
aptos_01217,0,0,"[0.7579263128956194, 0.062925848393764, 0.019875045615162526, 0.09575974049357168, 0.06351305260188253]"
aptos_01481,0,0,"[0.764458305802331, 0.042189572973074616, 0.01761904147333439, 0.11088209756848187, 0.06485098218277831]"
aptos_03274,2,4,"[0.0028752587744717427, 0.016818675422800695, 0.005867789207842514, 0.4144849500123622, 0.5599533265825227]"
aptos_01890,2,2,"[0.0010051614731081565, 0.005878133447716402, 0.9252171039751336, 0.026871383106167126, 0.04102821799787477]"
aptos_02501,2,2,"[0.005326583314358395, 0.04021981374524954, 0.7792296955049441, 0.015909480227931965, 0.15931442720751599]"
aptos_02532,3,4,"[0.003956766862445923, 0.04950089714195142, 0.0043182077041329986, 0.20749745071544246, 0.7347266775760273]"
aptos_02931,0,0,"[0.6763644209441356, 0.07400814751767436, 0.020745830377149832, 0.15596327338906837, 0.07291832777197184]"
aptos_02806,0,0,"[0.7270389542610851, 0.0490406347841522, 0.012400070246235165, 0.1259953739620231, 0.08552496674650441]"
aptos_00632,0,0,"[0.763809143326063, 0.07137601392618721, 0.027441142854107498, 0.07568898649055865, 0.06168471340308354]"
aptos_02209,2,2,"[0.00025227789893261766, 0.006691675834916501, 0.9799955712610325, 0.006944228375274484, 0.006116246629843843]"
aptos_00699,4,4,"[0.0012956956692438124, 0.06347368385467252, 0.006732678960514044, 0.009414670368972934, 0.9190832711465967]"
aptos_00194,0,0,"[0.7997846611385879, 0.0519202901124422, 0.017899018783088243, 0.07558395321270686, 0.05481207675317468]"
aptos_00209,1,1,"[0.0012884431038615778, 0.6005742934107656, 0.31100595653370156, 0.03904718311024095, 0.04808412384143032]"
aptos_03602,0,0,"[0.7903177258591758, 0.072586996419582, 0.01313435116010224, 0.06924170327135733, 0.05471922328978246]"
aptos_02085,0,0,"[0.643016580398681, 0.09983324321454749, 0.018798644648886604, 0.1552715246280245, 0.08308000710986044]"
aptos_02128,4,4,"[0.004191135169177251, 0.015496764828307094, 0.22164915145440015, 0.2989648251203736, 0.45969812342774186]"
aptos_00656,0,0,"[0.8063660679899727, 0.04222039489609501, 0.01533501795297878, 0.08739969143296976, 0.048678827727983716]"
aptos_01693,0,0,"[0.6707989233626881, 0.12610876938643567, 0.01428657626962726, 0.10537130780265988, 0.08343442317858905]"
aptos_01648,3,3,"[0.0011549312661356418, 0.0069416330031044325, 0.03527427303642609, 0.93746752731021, 0.01916163538412381]"
aptos_02657,0,0,"[0.6837598335935391, 0.10397289346619304, 0.020634287071191165, 0.12184662248214885, 0.0697863633869278]"
aptos_01743,4,4,"[0.001430006222770024, 0.00212135670565517, 0.0002628336544258898, 0.005671671805519109, 0.9905141316116298]"
aptos_00095,1,1,"[0.002293462237487357, 0.7271946663127687, 0.15331181013193068, 0.10832658391657146, 0.00887347740124175]"
aptos_02580,0,0,"[0.6809329264390488, 0.12461856916538096, 0.01782690657218181, 0.10548088376674548, 0.0711407140566428]"
aptos_01131,1,4,"[0.0010869095825576116, 0.029428930809728825, 0.10941539159298815, 0.0039092564729947205, 0.8561595115417306]"
aptos_02147,1,1,"[0.0016011862303499296, 0.8162975764029001, 0.12867615784050632, 0.03040849041926347, 0.02301658910698004]"
aptos_00146,1,1,"[0.0014642898706816434, 0.8787296341940832, 0.05613979447063305, 0.048030648125415756, 0.015635633339186092]"
aptos_02524,0,0,"[0.6814794267354769, 0.04155401399207728, 0.03451260499319164, 0.13452919465216637, 0.10792475962708774]"
aptos_02835,2,1,"[0.02174097238852366, 0.5982707925705012, 0.18547615899406894, 0.04642660395828962, 0.14808547208861658]"
aptos_02607,0,0,"[0.7442342050583615, 0.062157048033933515, 0.0161218800917115, 0.08574152681288275, 0.09174534000311081]"
aptos_03087,0,0,"[0.6716313026771695, 0.07022278803872016, 0.02569343929367122, 0.13338414987985098, 0.09906832011058815]"
aptos_00806,2,2,"[0.0024017090535754316, 0.02764769787746837, 0.8674937863879647, 0.09747381417490726, 0.004982992506084128]"
aptos_00633,2,2,"[0.0068271091025184204, 0.06948050197087074, 0.56027788555877, 0.3128336297407889, 0.05058087362705195]"
aptos_01338,0,0,"[0.7276246463328139, 0.05364680192177064, 0.029973575801422302, 0.09502393390282066, 0.09373104204117251]"
aptos_00334,0,0,"[0.7276623856736624, 0.04211895807680427, 0.018791537652759496, 0.11168437001079506, 0.09974274858597876]"
aptos_03202,2,2,"[0.00512847812218508, 0.03796774194320572, 0.5092877508826871, 0.42967202688575895, 0.017944002166163042]"
aptos_01356,2,2,"[0.001151863872723807, 0.0077401707065861405, 0.9386800095212494, 0.04720851144202111, 0.005219444457419536]"
aptos_00730,2,2,"[0.004121427354065427, 0.2533463131056189, 0.5101138579281301, 0.17839348431607552, 0.054024917296110156]"
aptos_00231,0,0,"[0.6673415887839604, 0.10723888417473222, 0.01891002360055148, 0.13642336331276092, 0.07008614012799487]"
aptos_03578,0,0,"[0.6202993267236213, 0.17902714962799504, 0.023847811487900033, 0.09339247787404117, 0.0834332342864424]"
aptos_03465,3,3,"[0.0020190231531859904, 0.013879639671814808, 0.07405113011814915, 0.8922161457081469, 0.01783406134870324]"
aptos_02145,2,1,"[0.02548765247805215, 0.38194997601089076, 0.18592594784148758, 0.06494831283079018, 0.3416881108387794]"
aptos_02425,2,3,"[0.0014764283833375192, 0.13282276248923158, 0.2648758810438727, 0.5061539021847234, 0.09467102589883489]"
aptos_01726,2,2,"[0.001260385258370771, 0.008777717991162547, 0.963859921039955, 0.011611477940618972, 0.014490497769892778]"
aptos_02667,1,1,"[0.001564949275550674, 0.9668565951428718, 0.013045539209210965, 0.014022462081407326, 0.004510454290959158]"
aptos_03286,0,0,"[0.6386299753198258, 0.07504959293169278, 0.02881409051903426, 0.1447419849710879, 0.11276435625835943]"
aptos_01330,2,2,"[0.002159058422732712, 0.0037933245317814993, 0.9534553476889219, 0.03187088346662186, 0.00872138588994196]"
aptos_01731,0,0,"[0.7605310523661515, 0.05638393454265955, 0.033865108053146284, 0.09674249731077661, 0.05247740772726595]"
aptos_02401,2,1,"[0.0020642449087346563, 0.8733040534353731, 0.08403756900318032, 0.019746645072883755, 0.020847487579828166]"
aptos_00993,0,0,"[0.7245243227481916, 0.05263432311544799, 0.027471940968131516, 0.11020163137638068, 0.08516778179184833]"
aptos_01577,2,2,"[0.0052748386013228895, 0.27122131683228096, 0.4423406326899799, 0.07942077776387237, 0.20174243411254383]"
aptos_03009,2,1,"[0.009090823813862739, 0.4011486248963975, 0.2983609688491465, 0.03347266921647679, 0.2579269132241165]"
aptos_03051,0,0,"[0.782124247575208, 0.05169277623524123, 0.013805604272294231, 0.09521245827076842, 0.057164913646488145]"
aptos_00004,0,0,"[0.7247482246670515, 0.02671461086542688, 0.03002139755973871, 0.162082126595056, 0.0564336403127268]"
aptos_03383,4,1,"[0.24601872051699059, 0.41681972203735274, 0.07920503982587059, 0.10799435313682965, 0.14996216448295624]"
aptos_00952,4,3,"[0.0011668080616351428, 0.014959497606975725, 0.21803081788429354, 0.6342386814829937, 0.13160419496410178]"
aptos_02257,0,0,"[0.6595362455287179, 0.06357287544677954, 0.021498950319618033, 0.16889475273705126, 0.08649717596783323]"
aptos_00998,2,3,"[0.0007931124825503092, 0.014161810333437944, 0.3660496672811663, 0.6136346212640753, 0.005360788638770217]"
aptos_00830,0,0,"[0.7474781152644208, 0.04547797645316629, 0.014388960492577244, 0.11460579928377829, 0.07804914850605735]"
aptos_02368,0,0,"[0.7675409730443856, 0.058921976248172685, 0.01586287689851274, 0.09441274556735794, 0.06326142824157101]"
aptos_01636,1,2,"[0.0040707407513122795, 0.39659108444931734, 0.5460376904314397, 0.04829248594996939, 0.005007998417961319]"
aptos_01096,2,2,"[0.0008948455257013803, 0.017327263097739912, 0.9335152660481176, 0.02784531091540065, 0.0204173144130405]"
aptos_02405,0,0,"[0.6222988693299758, 0.031046731716513624, 0.1724398524888143, 0.1259366951916957, 0.04827785127300045]"
aptos_02879,0,0,"[0.7490005581338621, 0.11574050738252786, 0.008662075792705351, 0.06305853530641453, 0.06353832338449014]"
aptos_02721,0,0,"[0.7466093459148873, 0.07030431341905036, 0.019113736901260656, 0.09196618171818041, 0.07200642204662147]"
aptos_03362,0,0,"[0.7881815562951536, 0.047142550836825274, 0.0168532702417283, 0.08299081233497829, 0.06483181029131456]"
aptos_02474,3,2,"[0.006627264575688141, 0.06212744166848463, 0.563904261769974, 0.31351019466545516, 0.053830837320398034]"
aptos_02919,2,2,"[0.0005226713625788867, 0.005604203403375466, 0.9622057773910044, 0.025982569955638083, 0.005684777887403132]"
aptos_02406,0,0,"[0.6526821369344179, 0.06381413570803296, 0.02751827251127792, 0.1350745798572216, 0.12091087498904952]"
aptos_00385,4,2,"[0.0004848114074758595, 0.005771209203605145, 0.6203513589647502, 0.020160423400340854, 0.35323219702382797]"
aptos_00368,4,3,"[0.003585116491218245, 0.04684743011616656, 0.009279378673350165, 0.6971473005491666, 0.24314077417009852]"
aptos_00444,2,1,"[0.0019555798683534038, 0.4604741930624326, 0.09963006335973865, 0.42334964694949456, 0.014590516759980911]"
aptos_00341,3,3,"[0.002965404622338952, 0.026844047010215984, 0.005983182172850208, 0.5715211508426802, 0.3926862153519147]"
aptos_01556,2,2,"[0.0013096154657884344, 0.08677917382188961, 0.7217240471244694, 0.14850765901828525, 0.04167950456956738]"
aptos_02550,0,0,"[0.7106746457433483, 0.10567802382412575, 0.013990779466906585, 0.10336378591350083, 0.06629276505211854]"
aptos_01950,0,0,"[0.7787565809094557, 0.07922013136784206, 0.026670586711266233, 0.08060121846172735, 0.03475148254970865]"
aptos_02493,0,0,"[0.5002984036401319, 0.046884269566898125, 0.014559223790053777, 0.117556940218503, 0.32070116278441313]"
aptos_00424,0,0,"[0.7062175932388212, 0.0879075609325724, 0.010183324689046327, 0.11659514671663898, 0.07909637442292115]"
aptos_02299,2,3,"[0.0033986902280036782, 0.011547300612390694, 0.12885381331426365, 0.7605148706830999, 0.09568532516224205]"
aptos_03535,2,2,"[0.003595015902536033, 0.011018322278407424, 0.6414126955859758, 0.03589708859443348, 0.30807687763864733]"
aptos_01626,0,0,"[0.7287332550843016, 0.06911875460739235, 0.01894607495418495, 0.1191203826621065, 0.06408153269201462]"
aptos_01319,1,0,"[0.5297453043623185, 0.16899866061660937, 0.03975995472985811, 0.119339630131668, 0.14215645015954598]"
aptos_01470,0,0,"[0.6381125654422234, 0.2014698296775054, 0.019427826837059566, 0.07653294027855756, 0.06445683776465409]"
aptos_02044,1,1,"[0.0018432440823614802, 0.9757772437028821, 0.012769789748483223, 0.003385953033590908, 0.00622376943268222]"
aptos_02132,0,4,"[0.36582486069232784, 0.03263979572650946, 0.028233887737339453, 0.2047535334783019, 0.3685479223655213]"
aptos_00833,0,0,"[0.7775990849482931, 0.04912586848605767, 0.015443868974818234, 0.09378834256729456, 0.06404283502353642]"
aptos_01604,2,3,"[0.0015651782689910406, 0.027342611036845366, 0.275917749220483, 0.5157879663376775, 0.179386495136003]"
aptos_01399,0,1,"[0.060270742525100646, 0.8664208914815481, 0.03092410715100235, 0.024627544552206282, 0.017756714290142746]"
aptos_00785,2,2,"[0.003105664970847073, 0.009729076511799117, 0.8896146143717348, 0.07300655086904398, 0.02454409327657502]"
aptos_01167,4,4,"[0.0016020061147222987, 0.033024409830406304, 0.0025048248994746247, 0.07443085806068034, 0.8884379010947164]"
aptos_02025,0,0,"[0.791029663937083, 0.04713258218786322, 0.012653784596215904, 0.09795565489215564, 0.0512283143866823]"
aptos_03245,0,1,"[0.08371589241366287, 0.7887017130362457, 0.030299591234812656, 0.04021853686411214, 0.05706426645116656]"
aptos_01045,1,1,"[0.004944094864701336, 0.9693793197293609, 0.006640051919035099, 0.007327735069850617, 0.01170879841705228]"
aptos_02742,0,0,"[0.7266171911378251, 0.0735768971894993, 0.013187587976602137, 0.11081658174096115, 0.07580174195511219]"
aptos_03271,3,3,"[0.002310126046249465, 0.027294460975290778, 0.31580849235483177, 0.49282501025827785, 0.16176191036535018]"
aptos_03055,0,0,"[0.8102529017753504, 0.05119726108922055, 0.021945925871149758, 0.0694951965375844, 0.04710871472669496]"
aptos_01306,1,1,"[0.032700114899860924, 0.7873337002536352, 0.08196793570986755, 0.06173343342110218, 0.03626481571553411]"
aptos_03594,0,0,"[0.7767500253811793, 0.05944955530815681, 0.016557312739929646, 0.08734212889787035, 0.05990097767286389]"
aptos_00048,0,0,"[0.7721871987069343, 0.056944063862821616, 0.015982050521878732, 0.09339958216503225, 0.06148710474333313]"
aptos_03480,2,2,"[0.06652103650805954, 0.15157063196774614, 0.5100200447845386, 0.14178900784078927, 0.13009927889886636]"
aptos_00587,2,2,"[0.0013100898621721472, 0.002632716741338207, 0.9711945257244694, 0.01367768017550227, 0.01118498749651803]"
